Id,Label,连入度,连出度,度,Weighted Degree,Weighted In-Degree,Weighted Out-Degree,Eccentricity,Closeness Centrality,Betweenness Centrality,PageRank,Modularity Class
1,HAN SHITUO,11,0,11,31,31,0,0,0,0,0.006446685,41
2,ZHOU JOHN ZHIMING,1,0,1,0.5,0.5,0,0,0,0,0.005292655,44
3,卞建权,1,0,1,0.5,0.5,0,0,0,0,0.005259704,44
4,蔡鹏浩,4,0,4,8,8,0,0,0,0,0.005474374,41
5,蔡琼玉,3,0,3,8.5,8.5,0,0,0,0,0.005656671,41
6,曾姝姝,4,0,4,13,13,0,0,0,0,0.005791522,41
7,陈国洪,6,0,6,13.5,13.5,0,0,0,0,0.005638899,43
8,陈浩,0,0,0,0,0,0,0,0,0,0.005241684,0
9,陈洁,0,0,0,0,0,0,0,0,0,0.005241684,1
10,陈靖,0,0,0,0,0,0,0,0,0,0.005241684,2
11,陈丽丽,0,0,0,0,0,0,0,0,0,0.005241684,3
12,陈丽平,1,0,1,0.5,0.5,0,0,0,0,0.005254027,43
13,陈林,5,0,5,25,25,0,0,0,0,0.006228055,41
14,陈瑞亮,6,0,6,21,21,0,0,0,0,0.006017843,41
15,陈雯,1,0,1,3,3,0,0,0,0,0.005332701,41
16,陈笑天,0,0,0,0,0,0,0,0,0,0.005241684,4
17,陈雁飞,1,0,1,0.5,0.5,0,0,0,0,0.005259704,44
18,程海清,12,0,12,42.5,42.5,0,0,0,0,0.006893079,41
19,崔燕,1,0,1,3,3,0,0,0,0,0.005322655,41
20,崔颖,0,0,0,0,0,0,0,0,0,0.005241684,5
21,戴蓓芸,5,0,5,19.5,19.5,0,0,0,0,0.005864567,41
22,丁飞,0,0,0,0,0,0,0,0,0,0.005241684,6
23,董培霞,13,0,13,61,61,0,0,0,0,0.008009061,44
24,杜建伟,1,0,1,3,3,0,0,0,0,0.005322655,41
25,杜亮亮,7,0,7,26,26,0,0,0,0,0.006246401,41
26,方俊,0,0,0,0,0,0,0,0,0,0.005241684,7
27,冯慧玲,1,0,1,3,3,0,0,0,0,0.005332701,41
28,冯健琪,0,0,0,0,0,0,0,0,0,0.005241684,8
29,冯晔旸,0,0,0,0,0,0,0,0,0,0.005241684,9
30,傅林浩,1,0,1,0.5,0.5,0,0,0,0,0.005259704,44
31,傅颂华,4,0,4,2,2,0,0,0,0,0.00530839,41
32,高峻峰,1,0,1,0.5,0.5,0,0,0,0,0.005259704,44
33,巩红波,8,0,8,20,20,0,0,0,0,0.006092976,44
34,顾晓鹂,0,0,0,0,0,0,0,0,0,0.005241684,10
35,胡德勇,3,0,3,1.5,1.5,0,0,0,0,0.005285542,41
36,胡姬颖,1,0,1,3,3,0,0,0,0,0.005332701,41
37,胡为为,7,0,7,14,14,0,0,0,0,0.005655735,43
38,胡孝义,1,0,1,0.5,0.5,0,0,0,0,0.005259704,44
39,胡志辉,2,0,2,1,1,0,0,0,0,0.005273199,41
40,黄冬磊,5,0,5,16,16,0,0,0,0,0.0057835,43
41,黄斐,0,0,0,0,0,0,0,0,0,0.005241684,11
42,黄健敏,0,0,0,0,0,0,0,0,0,0.005241684,12
43,吉江华,2,0,2,4.5,4.5,0,0,0,0,0.005375383,41
44,贾峰,0,0,0,0,0,0,0,0,0,0.005241684,13
45,贾晓鲲,0,0,0,0,0,0,0,0,0,0.005241684,14
46,贾晓明,3,0,3,6,6,0,0,0,0,0.005393774,43
47,江文,8,0,8,15.5,15.5,0,0,0,0,0.005717721,41
48,姜睿东,1,0,1,0.5,0.5,0,0,0,0,0.005254027,43
49,金培俊,7,0,7,13,13,0,0,0,0,0.005640396,41
50,金鑫,0,0,0,0,0,0,0,0,0,0.005241684,15
51,乐洋,0,0,0,0,0,0,0,0,0,0.005241684,16
52,李竑铭,1,0,1,4,4,0,0,0,0,0.005340424,43
53,李嘉,0,0,0,0,0,0,0,0,0,0.005241684,17
54,李群,8,0,8,32.5,32.5,0,0,0,0,0.006507525,44
55,李巍,4,0,4,10.5,10.5,0,0,0,0,0.005532737,41
56,李映萩,0,0,0,0,0,0,0,0,0,0.005241684,18
57,李珍妮,2,0,2,1,1,0,0,0,0,0.005267522,41
58,厉鑫,1,0,1,5,5,0,0,0,0,0.005547633,44
59,励俊,0,0,0,0,0,0,0,0,0,0.005241684,19
60,林才夫,7,0,7,12,12,0,0,0,0,0.005602731,41
61,刘鸿范,6,0,6,16,16,0,0,0,0,0.005803079,41
62,刘美禄,1,0,1,0.5,0.5,0,0,0,0,0.005259704,44
63,刘婷婷,2,0,2,1,1,0,0,0,0,0.005272047,43
64,刘杨,2,0,2,1,1,0,0,0,0,0.005290299,44
65,陆昀,6,0,6,11.5,11.5,0,0,0,0,0.005582546,41
66,吕华,4,0,4,7,7,0,0,0,0,0.005444035,41
67,麻志国,1,0,1,0.5,0.5,0,0,0,0,0.005259704,44
68,麦冠华,1,0,1,0.5,0.5,0,0,0,0,0.005259704,44
69,茅晓东,4,0,4,6.5,6.5,0,0,0,0,0.005424818,43
70,明锋,3,0,3,5,5,0,0,0,0,0.005371939,43
71,牟杰,3,0,3,4,4,0,0,0,0,0.005347254,43
72,聂烈,2,0,2,1,1,0,0,0,0,0.005287898,44
73,潘善忖,4,0,4,10,10,0,0,0,0,0.005512326,43
74,裴培,0,0,0,0,0,0,0,0,0,0.005241684,20
75,祁东波,3,0,3,1.5,1.5,0,0,0,0,0.005299007,43
76,钱皓,4,0,4,7.5,7.5,0,0,0,0,0.005449503,43
77,乔峰,6,0,6,13.5,13.5,0,0,0,0,0.00568157,41
78,秦峰,1,0,1,0.5,0.5,0,0,0,0,0.005254027,43
79,秦光远,1,0,1,0.5,0.5,0,0,0,0,0.005254027,43
80,屈兰,0,0,0,0,0,0,0,0,0,0.005241684,21
81,任奇宇,0,0,0,0,0,0,0,0,0,0.005241684,22
82,邵峰,1,0,1,0.5,0.5,0,0,0,0,0.005254027,43
83,沈杰,5,0,5,8.5,8.5,0,0,0,0,0.005479737,41
84,沈娟,3,0,3,4,4,0,0,0,0,0.00536072,43
85,沈文,1,0,1,0.5,0.5,0,0,0,0,0.005259704,44
86,沈颖月,1,0,1,0.5,0.5,0,0,0,0,0.005259704,44
87,史雅熙,4,0,4,13.5,13.5,0,0,0,0,0.005764086,44
88,史云,1,0,1,0.5,0.5,0,0,0,0,0.005259704,44
89,舒卫兵,3,0,3,1.5,1.5,0,0,0,0,0.005287216,41
90,宋涛,2,0,2,5.5,5.5,0,0,0,0,0.005383129,43
91,孙刚,8,0,8,20,20,0,0,0,0,0.00596743,43
92,孙茂华,8,0,8,12.5,12.5,0,0,0,0,0.005634663,41
93,孙娴静,2,0,2,1,1,0,0,0,0,0.005272047,43
94,唐效锋,2,0,2,3.5,3.5,0,0,0,0,0.005333759,43
95,唐勇,5,0,5,14,14,0,0,0,0,0.005632989,43
96,唐云翔,6,0,6,14.5,14.5,0,0,0,0,0.005749853,43
97,陶莉萍,2,0,2,1,1,0,0,0,0,0.005270349,41
98,童玉,6,0,6,11.5,11.5,0,0,0,0,0.005583232,41
99,汪颂平,0,0,0,0,0,0,0,0,0,0.005241684,23
100,汪志荣,0,0,0,0,0,0,0,0,0,0.005241684,24
101,王宏晔,0,0,0,0,0,0,0,0,0,0.005241684,25
102,王娜,0,0,0,0,0,0,0,0,0,0.005241684,26
103,王启东,10,0,10,35.5,35.5,0,0,0,0,0.006597593,44
104,王洋,0,0,0,0,0,0,0,0,0,0.005241684,27
105,王滢,3,0,3,4,4,0,0,0,0,0.005358539,41
106,王长春,4,0,4,4.5,4.5,0,0,0,0,0.005362424,43
107,王哲,3,0,3,4,4,0,0,0,0,0.005350167,41
108,王卓,2,0,2,1,1,0,0,0,0,0.005270349,41
109,吴建才,1,0,1,0.5,0.5,0,0,0,0,0.005255179,41
110,吴静,3,0,3,14,14,0,0,0,0,0.005752702,43
111,吴凌峰,6,0,6,9,9,0,0,0,0,0.005525004,43
112,吴鹏越,6,0,6,16,16,0,0,0,0,0.005825194,41
113,吴巍然,0,0,0,0,0,0,0,0,0,0.005241684,28
114,吴学亮,8,0,8,23,23,0,0,0,0,0.006014422,43
115,吴嬿,0,0,0,0,0,0,0,0,0,0.005241684,29
116,肖媛,4,0,4,10,10,0,0,0,0,0.005544278,41
117,谢华,1,0,1,0.5,0.5,0,0,0,0,0.005268645,44
118,谢文丹,7,0,7,12,12,0,0,0,0,0.00560608,41
119,熊敏,2,0,2,7,7,0,0,0,0,0.005431441,43
120,徐立群,6,0,6,18,18,0,0,0,0,0.005849833,43
121,徐子珮,0,0,0,0,0,0,0,0,0,0.005241684,30
122,许进美,1,0,1,0.5,0.5,0,0,0,0,0.005254027,43
123,许凯,4,0,4,11,11,0,0,0,0,0.005530944,43
124,许一心,2,0,2,1,1,0,0,0,0,0.005270349,41
125,薛众挺,4,0,4,12,12,0,0,0,0,0.005646937,43
126,晏飞,0,0,0,0,0,0,0,0,0,0.005241684,31
127,杨辉,1,0,1,0.5,0.5,0,0,0,0,0.005255179,41
128,杨捷夫,0,0,0,0,0,0,0,0,0,0.005241684,32
129,杨珺,0,0,0,0,0,0,0,0,0,0.005241684,33
130,杨琪,4,0,4,4.5,4.5,0,0,0,0,0.005381387,41
131,姚海川,4,0,4,2,2,0,0,0,0,0.005300711,41
132,姚慧,12,78,90,357,88.5,268.5,2,1.390625,156.7979798,0.009589916,41
133,叶海峰,3,0,3,12,12,0,0,0,0,0.005564087,43
134,易昆,0,0,0,0,0,0,0,0,0,0.005241684,34
135,尤佳明,5,0,5,14,14,0,0,0,0,0.005774407,43
136,于育红,4,0,4,9.5,9.5,0,0,0,0,0.005505747,41
137,余澍飞,2,0,2,1,1,0,0,0,0,0.005267522,41
138,郁豪,0,0,0,0,0,0,0,0,0,0.005241684,35
139,翟琳,0,0,0,0,0,0,0,0,0,0.005241684,36
140,张栋艺,3,0,3,4,4,0,0,0,0,0.005358539,41
141,张海翔,7,0,7,24.5,24.5,0,0,0,0,0.006438566,43
142,张琨,0,0,0,0,0,0,0,0,0,0.005241684,37
143,张嵘,7,0,7,8.5,8.5,0,0,0,0,0.005526603,41
144,张申黉,2,0,2,1,1,0,0,0,0,0.005267522,41
145,张炜权,12,0,12,59,59,0,0,0,0,0.008021051,44
146,张晓媛,0,0,0,0,0,0,0,0,0,0.005241684,38
147,张秀珍,8,0,8,25,25,0,0,0,0,0.006148065,41
148,张沂,0,0,0,0,0,0,0,0,0,0.005241684,39
149,張蓉芳,0,0,0,0,0,0,0,0,0,0.005241684,40
150,赵华,11,90,101,382,86,296,2,1.296875,176.9902237,0.009404977,41
151,赵剑虹,6,0,6,21,21,0,0,0,0,0.005962233,41
152,钟强,7,0,7,14,14,0,0,0,0,0.00566011,43
153,周骏,1,0,1,0.5,0.5,0,0,0,0,0.005259704,44
154,周林琳,8,0,8,37,37,0,0,0,0,0.006761596,44
155,周伟华,3,0,3,1.5,1.5,0,0,0,0,0.005282691,41
156,朱建刚,0,0,0,0,0,0,0,0,0,0.005241684,42
157,朱新征,3,0,3,1.5,1.5,0,0,0,0,0.005282691,41
158,潘鹏举,12,98,110,442.5,90,352.5,2,1.234375,256.1563131,0.010244242,43
159,王双洋,12,19,31,147.5,74,73.5,3,1.8828125,13.32792208,0.00882005,44
160,周振伟,12,32,44,218.5,77,141.5,2,1.75,22.58726551,0.009392656,44
161,陈冬露,12,38,50,228.5,82,146.5,2,1.703125,33.34559885,0.009299372,44
162,李俊华,13,21,34,247.5,92,155.5,2,1.84375,3.534415584,0.009875463,44
163,胡淏,13,0,13,92,92,0,0,0,0,0.009843201,44
164,王刚,12,35,47,210,81,129,2,1.7265625,35.76345599,0.009292226,44
165,杨奇,13,0,13,71.5,71.5,0,0,0,0,0.008653595,44
166,李发科,11,51,62,242,74,168,2,1.6015625,34.43394661,0.009036884,44
167,周利平,12,88,100,310,82,228,2,1.3125,270.6363997,0.009673513,44
168,邢泽亮,12,0,12,64.5,64.5,0,0,0,0,0.008435202,44
169,严捷冰,12,36,48,267.5,76.5,191,2,1.71875,17.74678932,0.009076759,44
170,岳晓东,12,21,33,175,82,93,2,1.8359375,3.664646465,0.00916605,44
171,黎建辉,12,28,40,202,80,122,2,1.78125,9.01504329,0.009171832,44
